<?xml version="1.0" encoding="utf-8" ?>
<!DOCTYPE article PUBLIC "-//NLM//DTD JATS (Z39.96) Journal Archiving
and Interchange DTD v1.2 20190208//EN" "JATS-archivearticle1.dtd">

<article xmlns:mml="http://www.w3.org/1998/Math/MathML" xmlns:xlink="http://www.w3.org/1999/xlink" dtd-version="1.2" article-type="other">

<front>


<article-meta>


<title-group>
<article-title>Final Project Proposal - Lab 7</article-title>
</title-group>

<contrib-group>
<contrib contrib-type="author">
<name>
<surname>Conrad</surname>
<given-names>Bella</given-names>
</name>
<string-name>Bella Conrad</string-name>

<role vocab="https://credit.niso.org" vocab-term="writing – original
draft" vocab-term-identifier="https://credit.niso.org/contributor-roles/writing-original-draft/">writing</role>
<xref ref-type="aff" rid="aff-1">a</xref>
</contrib>
<contrib contrib-type="author">
<name>
<surname>Cramton</surname>
<given-names>Zac</given-names>
</name>
<string-name>Zac Cramton</string-name>

<role vocab="https://credit.niso.org" vocab-term="writing – original
draft" vocab-term-identifier="https://credit.niso.org/contributor-roles/writing-original-draft/">writing</role>
<xref ref-type="aff" rid="aff-1">a</xref>
</contrib>
<contrib contrib-type="author" corresp="yes">
<name>
<surname>Delorie</surname>
<given-names>Rachel</given-names>
</name>
<string-name>Rachel Delorie</string-name>

<role vocab="https://credit.niso.org" vocab-term="writing – original
draft" vocab-term-identifier="https://credit.niso.org/contributor-roles/writing-original-draft/">writing</role>
<xref ref-type="aff" rid="aff-1">a</xref>
<xref ref-type="corresp" rid="cor-3">&#x002A;</xref>
</contrib>
</contrib-group>
<aff id="aff-1">
<institution-wrap>
<institution>Colorado State University</institution>
</institution-wrap>







</aff>
<author-notes>
<corresp id="cor-3"></corresp>
</author-notes>









<history></history>






</article-meta>

</front>

<body>
<sec id="urbanization-density-and-access-to-public-parks-in-the-united-states">
  <title>Urbanization, Density and Access to Public Parks in the United
  States</title>
  <sec id="abstract">
    <title>Abstract</title>
    <sec id="introduction">
      <title>Introduction</title>
      <p>- Since 2008, the majority of the world’s population has lived
      in urban areas, a result of urbanization in developing countries
      (<xref alt="Beall et al., 2010" rid="ref-beall2010urbanization" ref-type="bibr">Beall
      et al., 2010</xref>;
      <xref alt="Kohlhase, 2013" rid="ref-kohlhase2013new" ref-type="bibr">Kohlhase,
      2013</xref>). The United States developed earlier than many
      nations, with more than 50 percent of the population living in
      urban areas <xref ref-type="fn" rid="fn1">1</xref>For the 2020
      Census the threshold was changed to 5000 people.] by the 14th
      Census in 1920
      (<xref alt="Slack &amp; Jensen, 2020" rid="ref-slack2020changing" ref-type="bibr">Slack
      &amp; Jensen, 2020</xref>).</p>
    </sec>
  </sec>
</sec>
</body>

<back>
<ref-list>
  <title></title>
  <ref id="ref-beall2010urbanization">
    <element-citation publication-type="book">
      <person-group person-group-type="author">
        <name><surname>Beall</surname><given-names>Jo</given-names></name>
        <name><surname>Guha-Khasnobis</surname><given-names>Basudeb</given-names></name>
        <name><surname>Kanbur</surname><given-names>Ravi</given-names></name>
      </person-group>
      <source>Urbanization and development: Multidisciplinary perspectives</source>
      <publisher-name>Oxford University Press</publisher-name>
      <year iso-8601-date="2010">2010</year>
    </element-citation>
  </ref>
  <ref id="ref-kohlhase2013new">
    <element-citation publication-type="article-journal">
      <person-group person-group-type="author">
        <name><surname>Kohlhase</surname><given-names>Janet E</given-names></name>
      </person-group>
      <article-title>The new urban world 2050: Perspectives, prospects and problems</article-title>
      <source>Regional Science Policy &amp; Practice</source>
      <publisher-name>Elsevier</publisher-name>
      <year iso-8601-date="2013">2013</year>
      <volume>5</volume>
      <issue>2</issue>
      <fpage>153</fpage>
      <lpage>166</lpage>
    </element-citation>
  </ref>
  <ref id="ref-slack2020changing">
    <element-citation publication-type="article-journal">
      <person-group person-group-type="author">
        <name><surname>Slack</surname><given-names>Tim</given-names></name>
        <name><surname>Jensen</surname><given-names>Leif</given-names></name>
      </person-group>
      <article-title>The changing demography of rural and small-town america</article-title>
      <source>Population Research and Policy Review</source>
      <publisher-name>Springer</publisher-name>
      <year iso-8601-date="2020">2020</year>
      <volume>39</volume>
      <issue>5</issue>
      <fpage>775</fpage>
      <lpage>783</lpage>
    </element-citation>
  </ref>
  <ref id="ref-ratcliffe_redefining_2022">
    <element-citation>
      <person-group person-group-type="author">
        <name><surname>Ratcliffe</surname><given-names>Michael</given-names></name>
      </person-group>
      <article-title>Redefining Urban Areas following the 2020 Census</article-title>
      <source>Census.gov</source>
      <year iso-8601-date="2022-12">2022</year><month>12</month>
      <date-in-citation content-type="access-date"><year iso-8601-date="2025-04-03">2025</year><month>04</month><day>03</day></date-in-citation>
      <uri>https://www.census.gov/newsroom/blogs/random-samplings/2022/12/redefining-urban-areas-following-2020-census.html</uri>
    </element-citation>
  </ref>
</ref-list>
<fn-group>
  <fn id="fn1">
    <label>1</label><p>Prior to the 2020 Census urban areas were defined
    as any area with greater than 2500 people. Following the 2010 census
    urban clusters described areas with populations greater than 2,500
    and less than 50,000; urbanized areas described areas with a
    population greater than 50,000
    (<xref alt="Ratcliffe, 2022" rid="ref-ratcliffe_redefining_2022" ref-type="bibr">Ratcliffe,
    2022</xref>)</p>
  </fn>
</fn-group>
</back>



</article>