<?xml version="1.0" encoding="utf-8" ?>
<!DOCTYPE article PUBLIC "-//NLM//DTD JATS (Z39.96) Journal Archiving
and Interchange DTD v1.2 20190208//EN" "JATS-archivearticle1.dtd">

<article xmlns:mml="http://www.w3.org/1998/Math/MathML" xmlns:xlink="http://www.w3.org/1999/xlink" dtd-version="1.2" article-type="other">

<front>


<article-meta>


<title-group>
<article-title>Final Project Abstract - Lab 7</article-title>
</title-group>

<contrib-group>
<contrib contrib-type="author">
<name>
<surname>Conrad</surname>
<given-names>Bella</given-names>
</name>
<string-name>Bella Conrad</string-name>

<role vocab="https://credit.niso.org" vocab-term="writing – original
draft" vocab-term-identifier="https://credit.niso.org/contributor-roles/writing-original-draft/">writing</role>
<xref ref-type="aff" rid="aff-1">a</xref>
</contrib>
<contrib contrib-type="author">
<name>
<surname>Cramton</surname>
<given-names>Zachary</given-names>
</name>
<string-name>Zachary Cramton</string-name>

<role vocab="https://credit.niso.org" vocab-term="writing – original
draft" vocab-term-identifier="https://credit.niso.org/contributor-roles/writing-original-draft/">writing</role>
<xref ref-type="aff" rid="aff-1">a</xref>
</contrib>
<contrib contrib-type="author" corresp="yes">
<name>
<surname>Delorie</surname>
<given-names>Rachel</given-names>
</name>
<string-name>Rachel Delorie</string-name>

<role vocab="https://credit.niso.org" vocab-term="writing – original
draft" vocab-term-identifier="https://credit.niso.org/contributor-roles/writing-original-draft/">writing</role>
<xref ref-type="aff" rid="aff-1">a</xref>
<xref ref-type="corresp" rid="cor-3">&#x002A;</xref>
</contrib>
</contrib-group>
<aff id="aff-1">
<institution-wrap>
<institution>Colorado State University</institution>
</institution-wrap>







</aff>
<author-notes>
<corresp id="cor-3"></corresp>
</author-notes>









<history></history>






</article-meta>

</front>

<body>
<sec id="urbanization-density-and-access-to-public-parks-in-the-united-states">
  <title>Urbanization, Density and Access to Public Parks in the United
  States</title>
  <sec id="abstract">
    <title>Abstract</title>
    <sec id="introduction">
      <title>Introduction</title>
      <p>Since 2008, the majority of the world’s population has lived in
      urban areas, a result of urbanization in developing countries
      (<xref alt="Beall et al., 2010" rid="ref-beall2010urbanization" ref-type="bibr">Beall
      et al., 2010</xref>;
      <xref alt="Kohlhase, 2013" rid="ref-kohlhase2013new" ref-type="bibr">Kohlhase,
      2013</xref>). The United States developed earlier than many
      nations, with more than 50 percent of the population living in
      urban areas.</p>
      <boxed-text>
      <p><bold>Definition of Urban Areas in Census History</bold></p>
      <p>Prior to the 2020 Census urban areas were defined as any area
      with greater than 2500 people. Following the 2010 census urban
      clusters described areas with populations greater than 2,500 and
      less than 50,000; urbanized areas described areas with a
      population greater than 50,000. For the 2020 Census the threshold
      was changed to 5000 people
      (<xref alt="Ratcliffe, 2022" rid="ref-ratcliffe_redefining_2022" ref-type="bibr">Ratcliffe,
      2022</xref>).</p>
      </boxed-text>
      <p>by the 14th Census in 1920. In the century since the 1920
      census the percentage of individuals living in urban areas has
      increased to 80.7%
      (<xref alt="Slack &amp; Jensen, 2020" rid="ref-slack2020changing" ref-type="bibr">Slack
      &amp; Jensen, 2020</xref>). As more people moved to urban areas,
      those areas expanded forming urbanized areas and large cities.</p>
      <p>Urban planning has existed for centuries out of necessity,
      historically dominated by efficiency and utilitarianism,
      optimizing the world we live in for profitability, corporate
      productivity, and automobile-based mobility. This optimization
      came with sacrifices, which now impact an increasingly large
      majority of the population. In recent years, the discipline has
      begun to prioritize human factors over utilitarian efficiency.
      Thousands of years of living in rural settings makes urban living
      hard for most people’s biology. Connection to nature and time
      outdoors even in small amounts has been shown to be a vital part
      maintaining physical and mental health [DOTHIS:: INSERT SOURCE
      HERE]. In an effort to make urban spaces more livable, planners
      are turning to parks and natural areas to connect people to
      nature.</p>
      <p>Equity issues aside, overturning and correcting more than a
      century of bad planning is a daunting task. Many cities filled in
      and built up over the course of the 20th century as land became a
      premium commodity [DOTHIS:: FIND A SOURCE???]. Does this density
      present significant challenges for today’s planning professionals?
      This research seeks to investigate the relationship between urban
      demographics like density and park access. In exploring this
      relationship, we hypothesize that there is an
      intermediate/sublinear relationship between urban population
      density and public open space availability.</p>
    </sec>
    <sec id="data-overview">
      <title>Data Overview</title>
      <p>This report uses data from the UN-Habitat Urban Indicators
      Database and the ParkServe® Database maintained by the Trust for
      Public Land. The UN data relates to the UN-SDG 11.7.1 pertaining
      to access to open spaces and green areas.</p>
      <p>The January 2025 version of the UN Open Spaces and Green Areas
      data includes the average share of urban areas allocated to
      streets and open public spaces as well as the share of the urban
      population with convenient access to an open public space.</p>
      <boxed-text>
      <p><bold>UN Definition</bold></p>
      <p>In this case, the UN defines “convenient access to an open
      public space” as the “urban population withing 400 meters walking
      distance along the street network to an open public space”
      (<xref alt="May et al., 2000" rid="ref-may2000habitat" ref-type="bibr">May
      et al., 2000</xref>).</p>
      </boxed-text>
      <p>These data collected by the UN were collected in 2020 and
      provided as a .xls format spreadsheet. These data were converted
      to .csv format with Microsoft Excel. The ParkServe® data selected
      for use is the 2020 data set to match the year the UN data was
      recorded. Specifically, this report uses elements of the City Park
      Facts: Acreage &amp; Park System Highlights. The ParkServe® data
      is much less synthesized and was available as a .xml file. The
      file was structured for viewing as a spreadsheet rather than for
      further analysis and included multiple worksheets withing the
      workbook. In converting the file to a .csv file, the data spread
      across multiple worksheets was collated in a single worksheet and
      converted to a summarized dataset .csv file.</p>
      <p>These data are lacking a shared numerical position data type
      but share a city name column formatted as “city_name,
      two_letter_state_abrreviation”. There is not perfect overlap
      between cities with data in each database however, there are XX
      (DOTHIS:: Enter the total cities with overlapping data
      post-data-join) cities shared between the datasets. Cities present
      in only one data set will be culled when the data is joined.</p>
    </sec>
    <sec id="methods">
      <title>Methods</title>
      <list list-type="order">
        <list-item>
          <p>Clean the data. The raw data were downloaded as Excel
          spreadsheets, some reformatting in Excel was required to
          effectively exporting as a .csv file and importing the new
          summarized file to RStudio. Remaining data cleaning will occur
          in R as needed including any header changes or additional
          columns needed.</p>
        </list-item>
        <list-item>
          <p>Conduct Exploratory Data Analysis (EDA).</p>
        </list-item>
        <list-item>
          <p>Join datasets by “city name” to have a complete working
          dataset. These data will be combined into a single data frame
          with an inner join because there is a large number of cities
          listed in one data set but not the other. The new dataset will
          include only cities found in both datasets, with columns from
          both.</p>
        </list-item>
      </list>
      <boxed-text>
      <p><bold>Limiting Scope</bold></p>
      <p>The cities found in only one dataset will be cut from the data
      to accommodate the limited scope of the project. With a bigger
      scope it is possible that additional data could be used to
      understand these patterns with more depth.</p>
      </boxed-text>
      <list list-type="order">
        <list-item>
          <label>4.</label>
          <p>Prep data and split it into training and testing datasets.
          Perform a 10-fold cross-validation on training data.</p>
        </list-item>
        <list-item>
          <label>5.</label>
          <p>Create a recipe.</p>
        </list-item>
        <list-item>
          <label>6.</label>
          <p>Set up several models in regression mode.</p>
        </list-item>
        <list-item>
          <label>7.</label>
          <p>Create a workflow set including the previously written
          models and the recipe.</p>
        </list-item>
        <list-item>
          <label>8.</label>
          <p>Map function over workflow using workflow map.</p>
        </list-item>
        <list-item>
          <label>9.</label>
          <p>Using the highest performing model, fit the data and
          augment.</p>
        </list-item>
        <list-item>
          <label>10.</label>
          <p>Plot and graph data to visually display test results.</p>
        </list-item>
        <list-item>
          <label>11.</label>
          <p>Explore using the model to predict values for cities
          included in only one document (if time allows).</p>
        </list-item>
      </list>
    </sec>
  </sec>
  <sec id="exploratory-data-analysis-eda">
    <title>Exploratory Data Analysis (EDA)</title>
    <code language="r script">## EDA work is ongoing.

library(dplyr)</code>
    <preformat>
Attaching package: 'dplyr'</preformat>
    <preformat>The following objects are masked from 'package:stats':

    filter, lag</preformat>
    <preformat>The following objects are masked from 'package:base':

    intersect, setdiff, setequal, union</preformat>
    <code language="r script">library(tidyverse)</code>
    <preformat>── Attaching core tidyverse packages ──────────────────────── tidyverse 2.0.0 ──
✔ forcats   1.0.0     ✔ readr     2.1.5
✔ ggplot2   3.5.1     ✔ stringr   1.5.1
✔ lubridate 1.9.4     ✔ tibble    3.2.1
✔ purrr     1.0.2     ✔ tidyr     1.3.1</preformat>
    <preformat>── Conflicts ────────────────────────────────────────── tidyverse_conflicts() ──
✖ dplyr::filter() masks stats::filter()
✖ dplyr::lag()    masks stats::lag()
ℹ Use the conflicted package (&lt;http://conflicted.r-lib.org/&gt;) to force all conflicts to become errors</preformat>
    <code language="r script">library(ggplot2)
library(here)</code>
    <preformat>Warning: package 'here' was built under R version 4.4.3</preformat>
    <preformat>here() starts at C:/Users/Zacha/github/CSU/ESS 330/ess_330_project_proposal</preformat>
    <code language="r script">#Create some visualizations and descriptions of what data you have, where you got it, and how and if you need to clean and manipulate it for your project

parkserve_data &lt;- read_csv(here(&quot;data&quot;, &quot;parkserve_summarized_facts_2020.csv&quot;))</code>
    <preformat>New names:
Rows: 104 Columns: 18
── Column specification
──────────────────────────────────────────────────────── Delimiter: &quot;,&quot; chr
(18): Population Density, ...2, ...3, ...4, ...5, ...6, ...7, ...8, ...9...
ℹ Use `spec()` to retrieve the full column specification for this data. ℹ
Specify the column types or set `show_col_types = FALSE` to quiet this message.
• `` -&gt; `...2`
• `` -&gt; `...3`
• `` -&gt; `...4`
• `` -&gt; `...5`
• `` -&gt; `...6`
• `` -&gt; `...7`
• `` -&gt; `...8`
• `` -&gt; `...9`
• `` -&gt; `...10`
• `` -&gt; `...11`
• `` -&gt; `...12`
• `` -&gt; `...13`
• `` -&gt; `...14`
• `` -&gt; `...15`
• `` -&gt; `...16`
• `` -&gt; `...17`
• `` -&gt; `...18`</preformat>
    <code language="r script">un_land_use_data &lt;- read_csv(here(&quot;data&quot;, &quot;un_land_use.csv&quot;))</code>
    <preformat>Rows: 59 Columns: 3
── Column specification ────────────────────────────────────────────────────────
Delimiter: &quot;,&quot;
chr (1): City Name
dbl (2): Average share of the built-up area of cities that is open space for...

ℹ Use `spec()` to retrieve the full column specification for this data.
ℹ Specify the column types or set `show_col_types = FALSE` to quiet this message.</preformat>
    <code language="r script">parkserve_clean &lt;- parkserve_data %&gt;%  
filter(row_number() %in% c(2:5, 7:101)) %&gt;%
  select(-`...6`) %&gt;%
  rename(
    City = `Population Density`, 
    `City Population` = `...2`,
    `Land Area` = `...3`, 
    `Revised Area` = `...4`, 
    Density = `...5`,
    `Adjusted City Area` = `...7`,
    `Parkland Area` = `...8`,
    `Parkland as percent of city area` = `...9`,
    `Total Acres` = `...10`,
    `Designed Acres` = `...11`,
    `Undeveloped Acres` = `...12`, 
    `Percent Designed` = `...13`, 
    `Percent Natural` = `...14`, 
    `Parkland per Thousand Residents` = `...15`, 
    `Park Units` = `...16`, 
    `Park Units per ten thousand Residents` = `...17`, 
    `Percent of Residents within Half-Mile Walk of Park` = `...18`)</code>
  </sec>
  <sec id="references">
    <title>References</title>
    <ref-list>
      <ref id="ref-beall2010urbanization">
        <element-citation publication-type="book">
          <person-group person-group-type="author">
            <name><surname>Beall</surname><given-names>Jo</given-names></name>
            <name><surname>Guha-Khasnobis</surname><given-names>Basudeb</given-names></name>
            <name><surname>Kanbur</surname><given-names>Ravi</given-names></name>
          </person-group>
          <source>Urbanization and development: Multidisciplinary perspectives</source>
          <publisher-name>Oxford University Press</publisher-name>
          <year iso-8601-date="2010">2010</year>
        </element-citation>
      </ref>
      <ref id="ref-kohlhase2013new">
        <element-citation publication-type="article-journal">
          <person-group person-group-type="author">
            <name><surname>Kohlhase</surname><given-names>Janet E</given-names></name>
          </person-group>
          <article-title>The new urban world 2050: Perspectives, prospects and problems</article-title>
          <source>Regional Science Policy &amp; Practice</source>
          <publisher-name>Elsevier</publisher-name>
          <year iso-8601-date="2013">2013</year>
          <volume>5</volume>
          <issue>2</issue>
          <fpage>153</fpage>
          <lpage>166</lpage>
        </element-citation>
      </ref>
      <ref id="ref-slack2020changing">
        <element-citation publication-type="article-journal">
          <person-group person-group-type="author">
            <name><surname>Slack</surname><given-names>Tim</given-names></name>
            <name><surname>Jensen</surname><given-names>Leif</given-names></name>
          </person-group>
          <article-title>The changing demography of rural and small-town america</article-title>
          <source>Population Research and Policy Review</source>
          <publisher-name>Springer</publisher-name>
          <year iso-8601-date="2020">2020</year>
          <volume>39</volume>
          <issue>5</issue>
          <fpage>775</fpage>
          <lpage>783</lpage>
        </element-citation>
      </ref>
      <ref id="ref-ratcliffe_redefining_2022">
        <element-citation>
          <person-group person-group-type="author">
            <name><surname>Ratcliffe</surname><given-names>Michael</given-names></name>
          </person-group>
          <article-title>Redefining Urban Areas following the 2020 Census</article-title>
          <source>Census.gov</source>
          <year iso-8601-date="2022-12">2022</year><month>12</month>
          <date-in-citation content-type="access-date"><year iso-8601-date="2025-04-03">2025</year><month>04</month><day>03</day></date-in-citation>
          <uri>https://www.census.gov/newsroom/blogs/random-samplings/2022/12/redefining-urban-areas-following-2020-census.html</uri>
        </element-citation>
      </ref>
      <ref id="ref-may2000habitat">
        <element-citation publication-type="article-journal">
          <person-group person-group-type="author">
            <name><surname>May</surname><given-names>Richard</given-names></name>
            <name><surname>Rex</surname><given-names>Kevin</given-names></name>
            <name><surname>Bellini</surname><given-names>Lisa</given-names></name>
            <name><surname>Sadullah</surname><given-names>Sakera</given-names></name>
            <name><surname>Nishi</surname><given-names>Emily</given-names></name>
            <name><surname>James</surname><given-names>Francette</given-names></name>
            <name><surname>Mathangani</surname><given-names>Angela</given-names></name>
          </person-group>
          <article-title>UN habitat indicators database: Evaluation as a source of the status of urban development problems and programs</article-title>
          <source>Cities</source>
          <publisher-name>Elsevier</publisher-name>
          <year iso-8601-date="2000">2000</year>
          <volume>17</volume>
          <issue>3</issue>
          <fpage>237</fpage>
          <lpage>244</lpage>
        </element-citation>
      </ref>
    </ref-list>
  </sec>
</sec>
</body>

<back>
</back>

<sub-article article-type="notebook" id="nb-4-nb-article">
<front-stub>
<title-group>
<article-title>Final Project Abstract - Lab 7</article-title>
</title-group>
<contrib-group>
<contrib contrib-type="author">
<name>
<surname>Conrad</surname>
<given-names>Bella</given-names>
</name>
<string-name>Bella Conrad</string-name>

<role vocab="https://credit.niso.org" vocab-term="writing – original
draft" vocab-term-identifier="https://credit.niso.org/contributor-roles/writing-original-draft/">writing</role>
<xref ref-type="aff" rid="aff-1-nb-article">a</xref>
</contrib>
<contrib contrib-type="author">
<name>
<surname>Cramton</surname>
<given-names>Zachary</given-names>
</name>
<string-name>Zachary Cramton</string-name>

<role vocab="https://credit.niso.org" vocab-term="writing – original
draft" vocab-term-identifier="https://credit.niso.org/contributor-roles/writing-original-draft/">writing</role>
<xref ref-type="aff" rid="aff-1-nb-article">a</xref>
</contrib>
<contrib contrib-type="author" corresp="yes">
<name>
<surname>Delorie</surname>
<given-names>Rachel</given-names>
</name>
<string-name>Rachel Delorie</string-name>

<role vocab="https://credit.niso.org" vocab-term="writing – original
draft" vocab-term-identifier="https://credit.niso.org/contributor-roles/writing-original-draft/">writing</role>
<xref ref-type="aff" rid="aff-1-nb-article">a</xref>
<xref ref-type="corresp" rid="cor-3-nb-article">&#x002A;</xref>
</contrib>
</contrib-group>
<aff id="aff-1-nb-article">
<institution-wrap>
<institution>Colorado State University</institution>
</institution-wrap>







</aff>
<author-notes>
<corresp id="cor-3-nb-article"></corresp>
</author-notes>
</front-stub>

<body>
<sec id="urbanization-density-and-access-to-public-parks-in-the-united-states-nb-article">
  <title>Urbanization, Density and Access to Public Parks in the United
  States</title>
  <sec id="abstract-nb-article">
    <title>Abstract</title>
    <sec id="introduction-nb-article">
      <title>Introduction</title>
      <p>Since 2008, the majority of the world’s population has lived in
      urban areas, a result of urbanization in developing countries
      (<xref alt="Beall et al., 2010" rid="ref-beall2010urbanization-nb-article" ref-type="bibr">Beall
      et al., 2010</xref>;
      <xref alt="Kohlhase, 2013" rid="ref-kohlhase2013new-nb-article" ref-type="bibr">Kohlhase,
      2013</xref>). The United States developed earlier than many
      nations, with more than 50 percent of the population living in
      urban areas.</p>
      <boxed-text>
        <disp-quote>
          <p><bold>Definition of Urban Areas in Census
          History</bold></p>
          <p>Prior to the 2020 Census urban areas were defined as any
          area with greater than 2500 people. Following the 2010 census
          urban clusters described areas with populations greater than
          2,500 and less than 50,000; urbanized areas described areas
          with a population greater than 50,000. For the 2020 Census the
          threshold was changed to 5000 people
          (<xref alt="Ratcliffe, 2022" rid="ref-ratcliffe_redefining_2022-nb-article" ref-type="bibr">Ratcliffe,
          2022</xref>).</p>
        </disp-quote>
      </boxed-text>
      <p>by the 14th Census in 1920. In the century since the 1920
      census the percentage of individuals living in urban areas has
      increased to 80.7%
      (<xref alt="Slack &amp; Jensen, 2020" rid="ref-slack2020changing-nb-article" ref-type="bibr">Slack
      &amp; Jensen, 2020</xref>). As more people moved to urban areas,
      those areas expanded forming urbanized areas and large cities.</p>
      <p>Urban planning has existed for centuries out of necessity,
      historically dominated by efficiency and utilitarianism,
      optimizing the world we live in for profitability, corporate
      productivity, and automobile-based mobility. This optimization
      came with sacrifices, which now impact an increasingly large
      majority of the population. In recent years, the discipline has
      begun to prioritize human factors over utilitarian efficiency.
      Thousands of years of living in rural settings makes urban living
      hard for most people’s biology. Connection to nature and time
      outdoors even in small amounts has been shown to be a vital part
      maintaining physical and mental health [DOTHIS:: INSERT SOURCE
      HERE]. In an effort to make urban spaces more livable, planners
      are turning to parks and natural areas to connect people to
      nature.</p>
      <p>Equity issues aside, overturning and correcting more than a
      century of bad planning is a daunting task. Many cities filled in
      and built up over the course of the 20th century as land became a
      premium commodity [DOTHIS:: FIND A SOURCE???]. Does this density
      present significant challenges for today’s planning professionals?
      This research seeks to investigate the relationship between urban
      demographics like density and park access. In exploring this
      relationship, we hypothesize that there is an
      intermediate/sublinear relationship between urban population
      density and public open space availability.</p>
    </sec>
    <sec id="data-overview-nb-article">
      <title>Data Overview</title>
      <p>This report uses data from the UN-Habitat Urban Indicators
      Database and the ParkServe® Database maintained by the Trust for
      Public Land. The UN data relates to the UN-SDG 11.7.1 pertaining
      to access to open spaces and green areas.</p>
      <p>The January 2025 version of the UN Open Spaces and Green Areas
      data includes the average share of urban areas allocated to
      streets and open public spaces as well as the share of the urban
      population with convenient access to an open public space.</p>
      <boxed-text>
        <disp-quote>
          <p><bold>UN Definition</bold></p>
          <p>In this case, the UN defines “convenient access to an open
          public space” as the “urban population withing 400 meters
          walking distance along the street network to an open public
          space”
          (<xref alt="May et al., 2000" rid="ref-may2000habitat-nb-article" ref-type="bibr">May
          et al., 2000</xref>).</p>
        </disp-quote>
      </boxed-text>
      <p>These data collected by the UN were collected in 2020 and
      provided as a .xls format spreadsheet. These data were converted
      to .csv format with Microsoft Excel. The ParkServe® data selected
      for use is the 2020 data set to match the year the UN data was
      recorded. Specifically, this report uses elements of the City Park
      Facts: Acreage &amp; Park System Highlights. The ParkServe® data
      is much less synthesized and was available as a .xml file. The
      file was structured for viewing as a spreadsheet rather than for
      further analysis and included multiple worksheets withing the
      workbook. In converting the file to a .csv file, the data spread
      across multiple worksheets was collated in a single worksheet and
      converted to a summarized dataset .csv file.</p>
      <p>These data are lacking a shared numerical position data type
      but share a city name column formatted as “city_name,
      two_letter_state_abrreviation”. There is not perfect overlap
      between cities with data in each database however, there are XX
      (DOTHIS:: Enter the total cities with overlapping data
      post-data-join) cities shared between the datasets. Cities present
      in only one data set will be culled when the data is joined.</p>
    </sec>
    <sec id="methods-nb-article">
      <title>Methods</title>
      <list list-type="order">
        <list-item>
          <p>Clean the data. The raw data were downloaded as Excel
          spreadsheets, some reformatting in Excel was required to
          effectively exporting as a .csv file and importing the new
          summarized file to RStudio. Remaining data cleaning will occur
          in R as needed including any header changes or additional
          columns needed.</p>
        </list-item>
        <list-item>
          <p>Conduct Exploratory Data Analysis (EDA).</p>
        </list-item>
        <list-item>
          <p>Join datasets by “city name” to have a complete working
          dataset. These data will be combined into a single data frame
          with an inner join because there is a large number of cities
          listed in one data set but not the other. The new dataset will
          include only cities found in both datasets, with columns from
          both.</p>
        </list-item>
      </list>
      <boxed-text>
        <disp-quote>
          <p><bold>Limiting Scope</bold></p>
          <p>The cities found in only one dataset will be cut from the
          data to accommodate the limited scope of the project. With a
          bigger scope it is possible that additional data could be used
          to understand these patterns with more depth.</p>
        </disp-quote>
      </boxed-text>
      <list list-type="order">
        <list-item>
          <label>4.</label>
          <p>Prep data and split it into training and testing datasets.
          Perform a 10-fold cross-validation on training data.</p>
        </list-item>
        <list-item>
          <label>5.</label>
          <p>Create a recipe.</p>
        </list-item>
        <list-item>
          <label>6.</label>
          <p>Set up several models in regression mode.</p>
        </list-item>
        <list-item>
          <label>7.</label>
          <p>Create a workflow set including the previously written
          models and the recipe.</p>
        </list-item>
        <list-item>
          <label>8.</label>
          <p>Map function over workflow using workflow map.</p>
        </list-item>
        <list-item>
          <label>9.</label>
          <p>Using the highest performing model, fit the data and
          augment.</p>
        </list-item>
        <list-item>
          <label>10.</label>
          <p>Plot and graph data to visually display test results.</p>
        </list-item>
        <list-item>
          <label>11.</label>
          <p>Explore using the model to predict values for cities
          included in only one document (if time allows).</p>
        </list-item>
      </list>
    </sec>
  </sec>
  <sec id="exploratory-data-analysis-eda-nb-article">
    <title>Exploratory Data Analysis (EDA)</title>
    <sec specific-use="notebook-content">
    <code language="r script">## EDA work is ongoing.

library(dplyr)</code>
    <boxed-text>
      <preformat>
Attaching package: 'dplyr'</preformat>
    </boxed-text>
    <boxed-text>
      <preformat>The following objects are masked from 'package:stats':

    filter, lag</preformat>
    </boxed-text>
    <boxed-text>
      <preformat>The following objects are masked from 'package:base':

    intersect, setdiff, setequal, union</preformat>
    </boxed-text>
    <code language="r script">library(tidyverse)</code>
    <boxed-text>
      <preformat>── Attaching core tidyverse packages ──────────────────────── tidyverse 2.0.0 ──
✔ forcats   1.0.0     ✔ readr     2.1.5
✔ ggplot2   3.5.1     ✔ stringr   1.5.1
✔ lubridate 1.9.4     ✔ tibble    3.2.1
✔ purrr     1.0.2     ✔ tidyr     1.3.1</preformat>
    </boxed-text>
    <boxed-text>
      <preformat>── Conflicts ────────────────────────────────────────── tidyverse_conflicts() ──
✖ dplyr::filter() masks stats::filter()
✖ dplyr::lag()    masks stats::lag()
ℹ Use the conflicted package (&lt;http://conflicted.r-lib.org/&gt;) to force all conflicts to become errors</preformat>
    </boxed-text>
    <code language="r script">library(ggplot2)
library(here)</code>
    <boxed-text>
      <preformat>Warning: package 'here' was built under R version 4.4.3</preformat>
    </boxed-text>
    <boxed-text>
      <preformat>here() starts at C:/Users/Zacha/github/CSU/ESS 330/ess_330_project_proposal</preformat>
    </boxed-text>
    <code language="r script">#Create some visualizations and descriptions of what data you have, where you got it, and how and if you need to clean and manipulate it for your project

parkserve_data &lt;- read_csv(here(&quot;data&quot;, &quot;parkserve_summarized_facts_2020.csv&quot;))</code>
    <boxed-text>
      <preformat>New names:
Rows: 104 Columns: 18
── Column specification
──────────────────────────────────────────────────────── Delimiter: &quot;,&quot; chr
(18): Population Density, ...2, ...3, ...4, ...5, ...6, ...7, ...8, ...9...
ℹ Use `spec()` to retrieve the full column specification for this data. ℹ
Specify the column types or set `show_col_types = FALSE` to quiet this message.
• `` -&gt; `...2`
• `` -&gt; `...3`
• `` -&gt; `...4`
• `` -&gt; `...5`
• `` -&gt; `...6`
• `` -&gt; `...7`
• `` -&gt; `...8`
• `` -&gt; `...9`
• `` -&gt; `...10`
• `` -&gt; `...11`
• `` -&gt; `...12`
• `` -&gt; `...13`
• `` -&gt; `...14`
• `` -&gt; `...15`
• `` -&gt; `...16`
• `` -&gt; `...17`
• `` -&gt; `...18`</preformat>
    </boxed-text>
    <code language="r script">un_land_use_data &lt;- read_csv(here(&quot;data&quot;, &quot;un_land_use.csv&quot;))</code>
    <boxed-text>
      <preformat>Rows: 59 Columns: 3
── Column specification ────────────────────────────────────────────────────────
Delimiter: &quot;,&quot;
chr (1): City Name
dbl (2): Average share of the built-up area of cities that is open space for...

ℹ Use `spec()` to retrieve the full column specification for this data.
ℹ Specify the column types or set `show_col_types = FALSE` to quiet this message.</preformat>
    </boxed-text>
    <code language="r script">parkserve_clean &lt;- parkserve_data %&gt;%  
filter(row_number() %in% c(2:5, 7:101)) %&gt;%
  select(-`...6`) %&gt;%
  rename(
    City = `Population Density`, 
    `City Population` = `...2`,
    `Land Area` = `...3`, 
    `Revised Area` = `...4`, 
    Density = `...5`,
    `Adjusted City Area` = `...7`,
    `Parkland Area` = `...8`,
    `Parkland as percent of city area` = `...9`,
    `Total Acres` = `...10`,
    `Designed Acres` = `...11`,
    `Undeveloped Acres` = `...12`, 
    `Percent Designed` = `...13`, 
    `Percent Natural` = `...14`, 
    `Parkland per Thousand Residents` = `...15`, 
    `Park Units` = `...16`, 
    `Park Units per ten thousand Residents` = `...17`, 
    `Percent of Residents within Half-Mile Walk of Park` = `...18`)</code>
    </sec>
  </sec>
  <sec id="references-nb-article">
    <title>References</title>
    <ref-list>
      <ref id="ref-beall2010urbanization-nb-article">
        <element-citation publication-type="book">
          <person-group person-group-type="author">
            <name><surname>Beall</surname><given-names>Jo</given-names></name>
            <name><surname>Guha-Khasnobis</surname><given-names>Basudeb</given-names></name>
            <name><surname>Kanbur</surname><given-names>Ravi</given-names></name>
          </person-group>
          <source>Urbanization and development: Multidisciplinary perspectives</source>
          <publisher-name>Oxford University Press</publisher-name>
          <year iso-8601-date="2010">2010</year>
        </element-citation>
      </ref>
      <ref id="ref-kohlhase2013new-nb-article">
        <element-citation publication-type="article-journal">
          <person-group person-group-type="author">
            <name><surname>Kohlhase</surname><given-names>Janet E</given-names></name>
          </person-group>
          <article-title>The new urban world 2050: Perspectives, prospects and problems</article-title>
          <source>Regional Science Policy &amp; Practice</source>
          <publisher-name>Elsevier</publisher-name>
          <year iso-8601-date="2013">2013</year>
          <volume>5</volume>
          <issue>2</issue>
          <fpage>153</fpage>
          <lpage>166</lpage>
        </element-citation>
      </ref>
      <ref id="ref-slack2020changing-nb-article">
        <element-citation publication-type="article-journal">
          <person-group person-group-type="author">
            <name><surname>Slack</surname><given-names>Tim</given-names></name>
            <name><surname>Jensen</surname><given-names>Leif</given-names></name>
          </person-group>
          <article-title>The changing demography of rural and small-town america</article-title>
          <source>Population Research and Policy Review</source>
          <publisher-name>Springer</publisher-name>
          <year iso-8601-date="2020">2020</year>
          <volume>39</volume>
          <issue>5</issue>
          <fpage>775</fpage>
          <lpage>783</lpage>
        </element-citation>
      </ref>
      <ref id="ref-ratcliffe_redefining_2022-nb-article">
        <element-citation>
          <person-group person-group-type="author">
            <name><surname>Ratcliffe</surname><given-names>Michael</given-names></name>
          </person-group>
          <article-title>Redefining Urban Areas following the 2020 Census</article-title>
          <source>Census.gov</source>
          <year iso-8601-date="2022-12">2022</year><month>12</month>
          <date-in-citation content-type="access-date"><year iso-8601-date="2025-04-03">2025</year><month>04</month><day>03</day></date-in-citation>
          <uri>https://www.census.gov/newsroom/blogs/random-samplings/2022/12/redefining-urban-areas-following-2020-census.html</uri>
        </element-citation>
      </ref>
      <ref id="ref-may2000habitat-nb-article">
        <element-citation publication-type="article-journal">
          <person-group person-group-type="author">
            <name><surname>May</surname><given-names>Richard</given-names></name>
            <name><surname>Rex</surname><given-names>Kevin</given-names></name>
            <name><surname>Bellini</surname><given-names>Lisa</given-names></name>
            <name><surname>Sadullah</surname><given-names>Sakera</given-names></name>
            <name><surname>Nishi</surname><given-names>Emily</given-names></name>
            <name><surname>James</surname><given-names>Francette</given-names></name>
            <name><surname>Mathangani</surname><given-names>Angela</given-names></name>
          </person-group>
          <article-title>UN habitat indicators database: Evaluation as a source of the status of urban development problems and programs</article-title>
          <source>Cities</source>
          <publisher-name>Elsevier</publisher-name>
          <year iso-8601-date="2000">2000</year>
          <volume>17</volume>
          <issue>3</issue>
          <fpage>237</fpage>
          <lpage>244</lpage>
        </element-citation>
      </ref>
    </ref-list>
  </sec>
</sec>
</body>



<back>
</back>


</sub-article>

</article>