<?xml version="1.0" encoding="utf-8" ?>
<!DOCTYPE article PUBLIC "-//NLM//DTD JATS (Z39.96) Journal Archiving
and Interchange DTD v1.2 20190208//EN" "JATS-archivearticle1.dtd">

<article xmlns:mml="http://www.w3.org/1998/Math/MathML" xmlns:xlink="http://www.w3.org/1999/xlink" dtd-version="1.2" article-type="other">

<front>


<article-meta>


<title-group>
<article-title>Final Project Abstract - Lab 7</article-title>
</title-group>

<contrib-group>
<contrib contrib-type="author">
<name>
<surname>Conrad</surname>
<given-names>Bella</given-names>
</name>
<string-name>Bella Conrad</string-name>

<role vocab="https://credit.niso.org" vocab-term="writing – original
draft" vocab-term-identifier="https://credit.niso.org/contributor-roles/writing-original-draft/">writing</role>
<xref ref-type="aff" rid="aff-1">a</xref>
</contrib>
<contrib contrib-type="author" corresp="yes">
<name>
<surname>Cramton</surname>
<given-names>Zachary</given-names>
</name>
<string-name>Zachary Cramton</string-name>

<role vocab="https://credit.niso.org" vocab-term="writing – original
draft" vocab-term-identifier="https://credit.niso.org/contributor-roles/writing-original-draft/">writing</role>
<xref ref-type="aff" rid="aff-1">a</xref>
<xref ref-type="corresp" rid="cor-2">&#x002A;</xref>
</contrib>
<contrib contrib-type="author">
<name>
<surname>Delorie</surname>
<given-names>Rachel</given-names>
</name>
<string-name>Rachel Delorie</string-name>

<role vocab="https://credit.niso.org" vocab-term="writing – original
draft" vocab-term-identifier="https://credit.niso.org/contributor-roles/writing-original-draft/">writing</role>
<xref ref-type="aff" rid="aff-1">a</xref>
</contrib>
</contrib-group>
<aff id="aff-1">
<institution-wrap>
<institution>Colorado State University</institution>
</institution-wrap>







</aff>
<author-notes>
<corresp id="cor-2"></corresp>
</author-notes>









<history></history>






</article-meta>

</front>

<body>
<sec id="urbanization-density-and-access-to-public-parks-in-the-united-states">
  <title>Urbanization, Density and Access to Public Parks in the United
  States</title>
  <sec id="abstract">
    <title>Abstract</title>
    <sec id="introduction">
      <title>Introduction</title>
      <p>Since 2008, the majority of the world’s population has lived in
      urban areas, a result of urbanization in developing countries
      (<xref alt="Beall et al., 2010" rid="ref-beall2010urbanization" ref-type="bibr">Beall
      et al., 2010</xref>;
      <xref alt="Kohlhase, 2013" rid="ref-kohlhase2013new" ref-type="bibr">Kohlhase,
      2013</xref>). The United States developed earlier than many
      nations, with more than 50 percent of the population living in
      urban areas.</p>
      <boxed-text>
      <p><bold>Definition of Urban Areas in Census History</bold></p>
      <p>Prior to the 2020 Census urban areas were defined as any area
      with greater than 2500 people. Following the 2010 census urban
      clusters described areas with populations greater than 2,500 and
      less than 50,000; urbanized areas described areas with a
      population greater than 50,000. For the 2020 Census the threshold
      was changed to 5000 people
      (<xref alt="Ratcliffe, 2022" rid="ref-ratcliffe_redefining_2022" ref-type="bibr">Ratcliffe,
      2022</xref>).</p>
      </boxed-text>
      <p>by the 14th Census in 1920. In the century since the 1920
      census the percentage of individuals living in urban areas has
      increased to 80.7%
      (<xref alt="Slack &amp; Jensen, 2020" rid="ref-slack2020changing" ref-type="bibr">Slack
      &amp; Jensen, 2020</xref>). As more people moved to urban areas,
      those areas expanded forming urbanized areas and large cities.</p>
      <p>Urban planning has existed for centuries out of necessity,
      historically dominated by efficiency and utilitarianism,
      optimizing the world we live in for profitability, corporate
      productivity, and automobile-based mobility. This optimization
      came with sacrifices, which now impact an increasingly large
      majority of the population. In recent years, the discipline has
      begun to prioritize human factors over utilitarian efficiency.
      Thousands of years of living in rural settings makes urban living
      hard for most people’s biology. Connection to nature and time
      outdoors even in small amounts has been shown to be a vital part
      maintaining physical and mental health [DOTHIS:: Find additional
      source]. In an effort to make urban spaces more livable, planners
      are turning to parks and natural areas to connect people to
      nature.</p>
      <p>Equity issues aside, overturning and correcting more than a
      century of bad planning is a daunting task. Many cities filled in
      and built up over the course of the 20th century as land became a
      premium commodity [DOTHIS:: Find additional source]. Does this
      density present significant challenges for today’s planning
      professionals? This research seeks to investigate the relationship
      between urban demographics like density and park access. In
      exploring this relationship, we hypothesize that there is an
      intermediate/sublinear relationship between urban population
      density and public open space availability.</p>
    </sec>
    <sec id="data-overview">
      <title>Data Overview</title>
      <p>This report uses data from the UN-Habitat Urban Indicators
      Database and the ParkServe® Database maintained by the Trust for
      Public Land. The UN data relates to the UN-SDG 11.7.1 pertaining
      to access to open spaces and green areas.</p>
      <p>The January 2025 version of the UN Open Spaces and Green Areas
      data includes the average share of urban areas allocated to
      streets and open public spaces as well as the share of the urban
      population with convenient access to an open public space.</p>
      <boxed-text>
      <p><bold>UN Definition</bold></p>
      <p>In this case, the UN defines “convenient access to an open
      public space” as the “urban population withing 400 meters walking
      distance along the street network to an open public space”
      (<xref alt="May et al., 2000" rid="ref-may2000habitat" ref-type="bibr">May
      et al., 2000</xref>).</p>
      </boxed-text>
      <p>These data collected by the UN were collected in 2020 and
      provided as a .xls format spreadsheet. These data were converted
      to .csv format with Microsoft Excel. The ParkServe® data selected
      for use is the 2020 data set to match the year the UN data was
      recorded. Specifically, this report uses elements of the City Park
      Facts: Acreage &amp; Park System Highlights. The ParkServe® data
      is much less synthesized and was available as a .xml file. The
      file was structured for viewing as a spreadsheet rather than for
      further analysis and included multiple worksheets withing the
      workbook. In converting the file to a .csv file, the data spread
      across multiple worksheets was collated in a single worksheet and
      converted to a summarized dataset .csv file.</p>
      <p>These data are lacking a shared numerical position data type
      but share a city name column formatted as “city_name,
      two_letter_state_abbreviation”. There is not perfect overlap
      between cities with data in each database however, there are 25
      cities shared between the datasets. Cities present in only one
      data set will be culled when the data is joined.</p>
    </sec>
    <sec id="methods">
      <title>Methods</title>
      <list list-type="order">
        <list-item>
          <p>Clean the data. The raw data were downloaded as Excel
          spreadsheets, some reformatting in Excel was required to
          effectively exporting as a .csv file and importing the new
          summarized file to RStudio. Remaining data cleaning will occur
          in R as needed including any header changes or additional
          columns needed.</p>
        </list-item>
        <list-item>
          <p>Conduct Exploratory Data Analysis (EDA).</p>
        </list-item>
        <list-item>
          <p>Join datasets by “city name” to have a complete working
          dataset. These data will be combined into a single data frame
          with an inner join because there is a large number of cities
          listed in one data set but not the other. The new dataset will
          include only cities found in both datasets, with columns from
          both.</p>
        </list-item>
      </list>
      <boxed-text>
      <p><bold>Limiting Scope</bold></p>
      <p>The cities found in only one dataset will be cut from the data
      to accommodate the limited scope of the project. With a bigger
      scope it is possible that additional data could be used to
      understand these patterns with more depth.</p>
      </boxed-text>
      <list list-type="order">
        <list-item>
          <label>4.</label>
          <p>Prep data and split it into training and testing datasets.
          Perform a 10-fold cross-validation on training data.</p>
        </list-item>
        <list-item>
          <label>5.</label>
          <p>Create a recipe.</p>
        </list-item>
        <list-item>
          <label>6.</label>
          <p>Set up several models in regression mode.</p>
        </list-item>
        <list-item>
          <label>7.</label>
          <p>Create a workflow set including the previously written
          models and the recipe.</p>
        </list-item>
        <list-item>
          <label>8.</label>
          <p>Map function over workflow using workflow map.</p>
        </list-item>
        <list-item>
          <label>9.</label>
          <p>Using the highest performing model, fit the data and
          augment.</p>
        </list-item>
        <list-item>
          <label>10.</label>
          <p>Plot and graph data to visually display test results.</p>
        </list-item>
        <list-item>
          <label>11.</label>
          <p>Explore using the model to predict values for cities
          included in only one document (if time allows).</p>
        </list-item>
      </list>
    </sec>
  </sec>
  <sec id="exploratory-data-analysis-eda">
    <title>Exploratory Data Analysis (EDA)</title>
    <p>The data has already been discussed in general terms in the data
    overview section. There will be a readme file created to elaborate
    on the sources, formatting and manipulation required for each
    dataset before joining them into the urban_parks_data data frame. In
    general terms, prior to importing into RStudio, the .xml files the
    data came in were opened in MS Excel; the sheets were formatted to
    be converted to .csv files including condensing multiple worksheets
    of the ParkServe® data into a sinigle sheet for easier conversion to
    a .csv file. While some of the cleaning done in Excel could have
    been completed in RStudio, it was not efficient to do so. Using
    Excel was faster and more flexible for that use case. Similar
    reformatting was required with the UN data as the headers were
    unreasonably long by default. The readme that will be created for
    each (or both) files will include a more detailed summary of what
    each variable means.</p>
    <code language="r script">library(tidyverse)</code>
    <preformat>── Attaching core tidyverse packages ──────────────────────── tidyverse 2.0.0 ──
✔ dplyr     1.1.4     ✔ readr     2.1.5
✔ forcats   1.0.0     ✔ stringr   1.5.1
✔ ggplot2   3.5.1     ✔ tibble    3.2.1
✔ lubridate 1.9.4     ✔ tidyr     1.3.1
✔ purrr     1.0.2     
── Conflicts ────────────────────────────────────────── tidyverse_conflicts() ──
✖ dplyr::filter() masks stats::filter()
✖ dplyr::lag()    masks stats::lag()
ℹ Use the conflicted package (&lt;http://conflicted.r-lib.org/&gt;) to force all conflicts to become errors</preformat>
    <code language="r script">library(here)</code>
    <preformat>Warning: package 'here' was built under R version 4.4.3</preformat>
    <preformat>here() starts at C:/Users/Zacha/github/CSU/ESS 330/ess_330_project_proposal</preformat>
    <code language="r script">library(flextable)</code>
    <preformat>
Attaching package: 'flextable'

The following object is masked from 'package:purrr':

    compose</preformat>
    <code language="r script">library(patchwork)</code>
    <preformat>Warning: package 'patchwork' was built under R version 4.4.3</preformat>
    <code language="r script"># Create some visualizations and descriptions of what data you have, where you got it, and how and if you need to clean and manipulate it for your project

# Import data from csvs and clean NAs
parkserve_data &lt;- read_csv(here(&quot;data&quot;, &quot;clean_data/parkserve_summarized_facts_2020.csv&quot;)) %&gt;% 
  drop_na()</code>
    <preformat>Rows: 100 Columns: 15
── Column specification ────────────────────────────────────────────────────────
Delimiter: &quot;,&quot;
chr (10): city_name, city_pop, land_area, revised_area, percent_designed_par...
dbl  (5): parkland_area, designed_park_area, natural_park_area, parkland_per...

ℹ Use `spec()` to retrieve the full column specification for this data.
ℹ Specify the column types or set `show_col_types = FALSE` to quiet this message.</preformat>
    <code language="r script">un_land_use_data &lt;- read_csv(here(&quot;data&quot;, &quot;clean_data/un_land_use.csv&quot;)) %&gt;% 
  drop_na()</code>
    <preformat>Rows: 59 Columns: 3
── Column specification ────────────────────────────────────────────────────────
Delimiter: &quot;,&quot;
chr (1): city_name
dbl (2): mean_percent_built_open_space, mean_percent_open_space_access

ℹ Use `spec()` to retrieve the full column specification for this data.
ℹ Specify the column types or set `show_col_types = FALSE` to quiet this message.</preformat>
    <code language="r script"># Add columns and finish cleaning parkserve data
clean_parkserve_data &lt;- parkserve_data %&gt;%
  mutate(
    across(-city_name, ~ as.numeric(.x)),  # Convert all columns to numeric except for city name
    parkland_percent = parkland_percent * 100, # Convert parkland percent from ratio
    # Fix design/natural park area percentage calculations
    percent_designed_parks = ifelse(parkland_area == 0, NA, (designed_park_area / parkland_area) * 100),
    percent_natural_parks = ifelse(parkland_area == 0, NA, (natural_park_area / parkland_area) * 100),
    #New calculation for designed-natural area ratio
    dn_area_ratio = ifelse(percent_natural_parks == 0, NA, percent_designed_parks / percent_natural_parks)
  )

  
  
# Join data removing cities found in only one of the two datasets
urban_parks_data &lt;- clean_parkserve_data %&gt;% 
  inner_join(un_land_use_data, by = &quot;city_name&quot;)  

# Basic data structure exploration
glimpse(urban_parks_data)</code>
    <preformat>Rows: 25
Columns: 18
$ city_name                      &lt;chr&gt; &quot;Anchorage, AK&quot;, &quot;Atlanta, GA&quot;, &quot;Boston…
$ city_pop                       &lt;dbl&gt; 299100, 498059, 687725, 2744859, 377963…
$ land_area                      &lt;dbl&gt; 1090997, 85217, 30897, 145686, 49726, 2…
$ revised_area                   &lt;dbl&gt; 1086019, 84250, 29175, 136796, 46880, 2…
$ parkland_area                  &lt;dbl&gt; 914138, 5293, 5072, 13609, 3170, 20352,…
$ designed_park_area             &lt;dbl&gt; 2417, 3864, 2556, 8593, 1792, 10974, 40…
$ natural_park_area              &lt;dbl&gt; 911721, 1429, 2516, 4430, 1378, 9378, 1…
$ parkland_percent               &lt;dbl&gt; 84.173297, 6.282493, 17.384747, 9.94839…
$ percent_designed_parks         &lt;dbl&gt; 0.2644021, 73.0020782, 50.3943218, 63.1…
$ percent_natural_parks          &lt;dbl&gt; 99.735598, 26.997922, 49.605678, 32.551…
$ pop_density                    &lt;dbl&gt; 0.28, 5.91, 23.57, 20.07, 8.06, 6.39, 7…
$ parkland_per_1k_pop            &lt;dbl&gt; 3056.295553, 10.627255, 7.375041, 4.744…
$ park_units                     &lt;dbl&gt; 228, 416, 373, 645, 179, 397, 302, 70, …
$ park_units_per_10k_pop         &lt;dbl&gt; 7.622869, 8.352424, 5.423680, 2.349847,…
$ percent_half_mile_walk         &lt;dbl&gt; 0.75091, 0.72447, 0.99790, 0.98220, 0.8…
$ dn_area_ratio                  &lt;dbl&gt; 0.00265103, 2.70398880, 1.01589825, 1.9…
$ mean_percent_built_open_space  &lt;dbl&gt; 22.0, 13.8, 19.8, 17.2, 20.0, 20.4, 20.…
$ mean_percent_open_space_access &lt;dbl&gt; 71.9, 21.2, 68.2, 47.8, 29.8, 41.9, 43.…</preformat>
    <code language="r script"># Descriptive Stats

  # Write function to round numeric columns to two decimal places
  round_numeric &lt;- function(df) {
    df %&gt;% 
      mutate(across(where(is.numeric), ~round(.x, 2)))
  }

  # Summarize stats by variable
    desc_stats_parks &lt;- urban_parks_data %&gt;% 
      select(where(is.numeric)) %&gt;% 
      pivot_longer(cols = everything(), names_to = &quot;variable&quot;, values_to = &quot;value&quot;) %&gt;% 
      group_by(variable) %&gt;% 
      summarize(mean = mean(value, na.rm = TRUE), 
                median = median(value, na.rm = TRUE), 
                sd = sd(value, na.rm = TRUE),
                Q1 = quantile(value, 0.25, na.rm = TRUE),
                Q3 = quantile(value, 0.75, na.rm = TRUE)) %&gt;% 
      round_numeric()
      
      # Print descriptive stats with flextable
      desc_stats_flex &lt;- flextable(desc_stats_parks) %&gt;%
        set_caption(&quot;Summarized Urban Parks Statistics&quot;) %&gt;% 
        set_header_labels(
          variable = &quot;Variable&quot;,
          mean = &quot;Mean&quot;,
          median = &quot;Median&quot;,
          sd = &quot;Standard Deviation&quot;,
          Q1 = &quot;1st Quartile (Q1)&quot;,
          Q3 = &quot;3rd Quartile (Q3)&quot;) %&gt;% 
        autofit()

# Find Top/Bottom cities for percent parkland
  
  # Select relevant columns
    simplified_vars &lt;- c(&quot;city_name&quot;, &quot;city_pop&quot;, &quot;revised_area&quot;, &quot;pop_density&quot;, &quot;parkland_area&quot;, &quot;dn_area_ratio&quot;, &quot;parkland_percent&quot;, &quot;parkland_per_1k_pop&quot;, &quot;percent_half_mile_walk&quot;)
  
  # Filter top/bottom 10 cities
  top10_park_percent &lt;- urban_parks_data %&gt;% 
    arrange(desc(parkland_percent)) %&gt;% 
    slice_head(n = 10) %&gt;% 
    select(all_of(simplified_vars)) %&gt;% 
    round_numeric()
  
  bottom10_park_percent &lt;- urban_parks_data %&gt;% 
    arrange(parkland_percent) %&gt;% 
    slice_head(n = 10) %&gt;% 
    select(all_of(simplified_vars)) %&gt;% 
    round_numeric()
  
  # Create top/bottom 10 flextables w/ function
  # Create function
  make_best_worst_flextbl &lt;-function(df, caption) {
    flextable(df) %&gt;% 
    set_caption(caption) %&gt;%
    set_header_labels(
      city_name = &quot;City Name&quot;,
      city_pop = &quot;City Population&quot;,
      revised_area = &quot;City Land Area (Revised) (Acres)&quot;,
      pop_density = &quot;Population Density (People/Acre)&quot;,
      parkland_area = &quot;City Parkland Area (Acres)&quot;,
      parkland_percent = &quot;Percent Parkland&quot;,
      parkland_per_1k_pop = &quot;Parkland Per (1000) Capita&quot;,
      percent_half_mile_walk = &quot;Percent of Residents within 0.5 Miles of a Park&quot;,
      dn_area_ratio = &quot;Designed-Natural Park Area Ratio (Designed Park (%) / Natural Park (%)&quot;) %&gt;% 
    autofit()
  }
  
  top10_park_percent_flex &lt;- make_best_worst_flextbl(top10_park_percent, &quot;Top 10 Cities for Parkland Percentage&quot;)
  
  bottom10_park_percent_flex &lt;- make_best_worst_flextbl(bottom10_park_percent, &quot;Top 10 Cities for Parkland Percentage&quot;)
  
# Make plots to visualize the data
# Histogram: Land Area
land_area_plot &lt;- ggplot(urban_parks_data, aes(x = as.numeric(land_area))) +
  geom_histogram(bins = 20, fill = &quot;steelblue&quot;, color = &quot;white&quot;) +
  labs(x = &quot;Land Area (Acres)&quot;, y = &quot;Frequency&quot;, title = &quot;Distribution of City Land Areas&quot;) +
  theme_minimal()

# Scatterplot: Land Area vs Parkland Area
land_vs_park_area_plot &lt;- ggplot(urban_parks_data, aes(x = as.numeric(land_area), y = parkland_area)) +
  geom_point(color = &quot;forestgreen&quot;) +
  labs(x = &quot;Land Area (Acres)&quot;, y = &quot;Parkland Area\n(Acres)&quot;, title = &quot;Land Area vs Parkland Area&quot;) +
  scale_x_continuous(labels = scales::label_comma()) +
  scale_y_continuous(labels = scales::label_comma()) +
  theme_minimal()

# Scatterplot: Population Density vs Parkland Percent
density_vs_park_percent_plot &lt;- ggplot(urban_parks_data, aes(x = as.numeric(pop_density), y = parkland_percent)) +
  geom_point(color = &quot;darkorange&quot;) +
  labs(x = &quot;Population Density (People/Acre)&quot;, y = &quot;Percent Parkland&quot;, title = &quot;Population Density vs\nParkland Percent&quot;) +
  scale_x_continuous(labels = scales::label_comma()) +
  scale_y_continuous(labels = scales::label_comma()) +
  theme_minimal()

# Scatterplot: Designed-Natural Park Area Ratio vs Parkland Percent
dn_area_ratio_vs_park_percent_plot &lt;- ggplot(urban_parks_data, aes(x = dn_area_ratio, y = parkland_percent)) +
  geom_point(color = &quot;mediumvioletred&quot;) +
  labs(x = &quot;Designed-Natural Park Area Ratio&quot;, y = &quot;Percent Parkland&quot;, title = &quot;Designed-Natural Park Area\nRatio vs Parkland Percent&quot;) +
  scale_x_continuous(labels = scales::label_comma()) +
  scale_y_continuous(labels = scales::label_comma()) +
  theme_minimal()

# Scatterplot: Percent Designed Parks vs Percent Natural Parks
designed_vs_natural_parks_plot &lt;- ggplot(urban_parks_data, aes(x = percent_designed_parks, y = percent_natural_parks)) +
  geom_point(color = &quot;cadetblue&quot;) +
  labs(x = &quot;Percent Designed Parks&quot;, y = &quot;Percent Natural\nParks&quot;, title = &quot;Percent Designed vs Natural Parks&quot;) +
  theme_minimal()

# Scatterplot: Percent Open Space Access vs Percent Built Open Space
open_space_access_vs_built_plot &lt;- ggplot(urban_parks_data, aes(x = mean_percent_open_space_access, y = mean_percent_built_open_space)) +
  geom_point(color = &quot;seagreen&quot;) +
  labs(x = &quot;Mean % Open Space Access&quot;, y = &quot;Mean % Built\nOpen Space&quot;, title = &quot;Accessibility of Built Open Space&quot;) +
  theme_minimal()

# Combine all plots in one figure using patchwork (optional)
all_eda_plots &lt;- (land_area_plot | land_vs_park_area_plot) / 
  (density_vs_park_percent_plot | dn_area_ratio_vs_park_percent_plot) / 
  (designed_vs_natural_parks_plot| open_space_access_vs_built_plot) +
  plot_layout(guides = &quot;collect&quot;)

# Display data summary and visualization

  # Display flextables
  desc_stats_flex</code>
    <graphic mimetype="image" mime-subtype="png" xlink:href="index_files/figure-jats/Basic%20EDA-1.png" />
    <code language="r script">  top10_park_percent_flex</code>
    <graphic mimetype="image" mime-subtype="png" xlink:href="index_files/figure-jats/Basic%20EDA-2.png" />
    <code language="r script">  bottom10_park_percent_flex </code>
    <graphic mimetype="image" mime-subtype="png" xlink:href="index_files/figure-jats/Basic%20EDA-3.png" />
    <code language="r script">  # Display patchwork plots
  all_eda_plots</code>
    <graphic mimetype="image" mime-subtype="png" xlink:href="index_files/figure-jats/Basic%20EDA-7.png" />
  </sec>
  <sec id="references">
    <title>References</title>
    <ref-list>
      <ref id="ref-beall2010urbanization">
        <element-citation publication-type="book">
          <person-group person-group-type="author">
            <name><surname>Beall</surname><given-names>Jo</given-names></name>
            <name><surname>Guha-Khasnobis</surname><given-names>Basudeb</given-names></name>
            <name><surname>Kanbur</surname><given-names>Ravi</given-names></name>
          </person-group>
          <source>Urbanization and development: Multidisciplinary perspectives</source>
          <publisher-name>Oxford University Press</publisher-name>
          <year iso-8601-date="2010">2010</year>
        </element-citation>
      </ref>
      <ref id="ref-kohlhase2013new">
        <element-citation publication-type="article-journal">
          <person-group person-group-type="author">
            <name><surname>Kohlhase</surname><given-names>Janet E</given-names></name>
          </person-group>
          <article-title>The new urban world 2050: Perspectives, prospects and problems</article-title>
          <source>Regional Science Policy &amp; Practice</source>
          <publisher-name>Elsevier</publisher-name>
          <year iso-8601-date="2013">2013</year>
          <volume>5</volume>
          <issue>2</issue>
          <fpage>153</fpage>
          <lpage>166</lpage>
        </element-citation>
      </ref>
      <ref id="ref-slack2020changing">
        <element-citation publication-type="article-journal">
          <person-group person-group-type="author">
            <name><surname>Slack</surname><given-names>Tim</given-names></name>
            <name><surname>Jensen</surname><given-names>Leif</given-names></name>
          </person-group>
          <article-title>The changing demography of rural and small-town america</article-title>
          <source>Population Research and Policy Review</source>
          <publisher-name>Springer</publisher-name>
          <year iso-8601-date="2020">2020</year>
          <volume>39</volume>
          <issue>5</issue>
          <fpage>775</fpage>
          <lpage>783</lpage>
        </element-citation>
      </ref>
      <ref id="ref-ratcliffe_redefining_2022">
        <element-citation>
          <person-group person-group-type="author">
            <name><surname>Ratcliffe</surname><given-names>Michael</given-names></name>
          </person-group>
          <article-title>Redefining Urban Areas following the 2020 Census</article-title>
          <source>Census.gov</source>
          <year iso-8601-date="2022-12">2022</year><month>12</month>
          <date-in-citation content-type="access-date"><year iso-8601-date="2025-04-03">2025</year><month>04</month><day>03</day></date-in-citation>
          <uri>https://www.census.gov/newsroom/blogs/random-samplings/2022/12/redefining-urban-areas-following-2020-census.html</uri>
        </element-citation>
      </ref>
      <ref id="ref-may2000habitat">
        <element-citation publication-type="article-journal">
          <person-group person-group-type="author">
            <name><surname>May</surname><given-names>Richard</given-names></name>
            <name><surname>Rex</surname><given-names>Kevin</given-names></name>
            <name><surname>Bellini</surname><given-names>Lisa</given-names></name>
            <name><surname>Sadullah</surname><given-names>Sakera</given-names></name>
            <name><surname>Nishi</surname><given-names>Emily</given-names></name>
            <name><surname>James</surname><given-names>Francette</given-names></name>
            <name><surname>Mathangani</surname><given-names>Angela</given-names></name>
          </person-group>
          <article-title>UN habitat indicators database: Evaluation as a source of the status of urban development problems and programs</article-title>
          <source>Cities</source>
          <publisher-name>Elsevier</publisher-name>
          <year iso-8601-date="2000">2000</year>
          <volume>17</volume>
          <issue>3</issue>
          <fpage>237</fpage>
          <lpage>244</lpage>
        </element-citation>
      </ref>
    </ref-list>
  </sec>
</sec>
</body>

<back>
</back>

<sub-article article-type="notebook" id="nb-3-nb-article">
<front-stub>
<title-group>
<article-title>Final Project Abstract - Lab 7</article-title>
</title-group>
<contrib-group>
<contrib contrib-type="author">
<name>
<surname>Conrad</surname>
<given-names>Bella</given-names>
</name>
<string-name>Bella Conrad</string-name>

<role vocab="https://credit.niso.org" vocab-term="writing – original
draft" vocab-term-identifier="https://credit.niso.org/contributor-roles/writing-original-draft/">writing</role>
<xref ref-type="aff" rid="aff-1-nb-article">a</xref>
</contrib>
<contrib contrib-type="author" corresp="yes">
<name>
<surname>Cramton</surname>
<given-names>Zachary</given-names>
</name>
<string-name>Zachary Cramton</string-name>

<role vocab="https://credit.niso.org" vocab-term="writing – original
draft" vocab-term-identifier="https://credit.niso.org/contributor-roles/writing-original-draft/">writing</role>
<xref ref-type="aff" rid="aff-1-nb-article">a</xref>
<xref ref-type="corresp" rid="cor-2-nb-article">&#x002A;</xref>
</contrib>
<contrib contrib-type="author">
<name>
<surname>Delorie</surname>
<given-names>Rachel</given-names>
</name>
<string-name>Rachel Delorie</string-name>

<role vocab="https://credit.niso.org" vocab-term="writing – original
draft" vocab-term-identifier="https://credit.niso.org/contributor-roles/writing-original-draft/">writing</role>
<xref ref-type="aff" rid="aff-1-nb-article">a</xref>
</contrib>
</contrib-group>
<aff id="aff-1-nb-article">
<institution-wrap>
<institution>Colorado State University</institution>
</institution-wrap>







</aff>
<author-notes>
<corresp id="cor-2-nb-article"></corresp>
</author-notes>
</front-stub>

<body>
<sec id="urbanization-density-and-access-to-public-parks-in-the-united-states-nb-article">
  <title>Urbanization, Density and Access to Public Parks in the United
  States</title>
  <sec id="abstract-nb-article">
    <title>Abstract</title>
    <sec id="introduction-nb-article">
      <title>Introduction</title>
      <p>Since 2008, the majority of the world’s population has lived in
      urban areas, a result of urbanization in developing countries
      (<xref alt="Beall et al., 2010" rid="ref-beall2010urbanization-nb-article" ref-type="bibr">Beall
      et al., 2010</xref>;
      <xref alt="Kohlhase, 2013" rid="ref-kohlhase2013new-nb-article" ref-type="bibr">Kohlhase,
      2013</xref>). The United States developed earlier than many
      nations, with more than 50 percent of the population living in
      urban areas.</p>
      <boxed-text>
        <disp-quote>
          <p><bold>Definition of Urban Areas in Census
          History</bold></p>
          <p>Prior to the 2020 Census urban areas were defined as any
          area with greater than 2500 people. Following the 2010 census
          urban clusters described areas with populations greater than
          2,500 and less than 50,000; urbanized areas described areas
          with a population greater than 50,000. For the 2020 Census the
          threshold was changed to 5000 people
          (<xref alt="Ratcliffe, 2022" rid="ref-ratcliffe_redefining_2022-nb-article" ref-type="bibr">Ratcliffe,
          2022</xref>).</p>
        </disp-quote>
      </boxed-text>
      <p>by the 14th Census in 1920. In the century since the 1920
      census the percentage of individuals living in urban areas has
      increased to 80.7%
      (<xref alt="Slack &amp; Jensen, 2020" rid="ref-slack2020changing-nb-article" ref-type="bibr">Slack
      &amp; Jensen, 2020</xref>). As more people moved to urban areas,
      those areas expanded forming urbanized areas and large cities.</p>
      <p>Urban planning has existed for centuries out of necessity,
      historically dominated by efficiency and utilitarianism,
      optimizing the world we live in for profitability, corporate
      productivity, and automobile-based mobility. This optimization
      came with sacrifices, which now impact an increasingly large
      majority of the population. In recent years, the discipline has
      begun to prioritize human factors over utilitarian efficiency.
      Thousands of years of living in rural settings makes urban living
      hard for most people’s biology. Connection to nature and time
      outdoors even in small amounts has been shown to be a vital part
      maintaining physical and mental health [DOTHIS:: Find additional
      source]. In an effort to make urban spaces more livable, planners
      are turning to parks and natural areas to connect people to
      nature.</p>
      <p>Equity issues aside, overturning and correcting more than a
      century of bad planning is a daunting task. Many cities filled in
      and built up over the course of the 20th century as land became a
      premium commodity [DOTHIS:: Find additional source]. Does this
      density present significant challenges for today’s planning
      professionals? This research seeks to investigate the relationship
      between urban demographics like density and park access. In
      exploring this relationship, we hypothesize that there is an
      intermediate/sublinear relationship between urban population
      density and public open space availability.</p>
    </sec>
    <sec id="data-overview-nb-article">
      <title>Data Overview</title>
      <p>This report uses data from the UN-Habitat Urban Indicators
      Database and the ParkServe® Database maintained by the Trust for
      Public Land. The UN data relates to the UN-SDG 11.7.1 pertaining
      to access to open spaces and green areas.</p>
      <p>The January 2025 version of the UN Open Spaces and Green Areas
      data includes the average share of urban areas allocated to
      streets and open public spaces as well as the share of the urban
      population with convenient access to an open public space.</p>
      <boxed-text>
        <disp-quote>
          <p><bold>UN Definition</bold></p>
          <p>In this case, the UN defines “convenient access to an open
          public space” as the “urban population withing 400 meters
          walking distance along the street network to an open public
          space”
          (<xref alt="May et al., 2000" rid="ref-may2000habitat-nb-article" ref-type="bibr">May
          et al., 2000</xref>).</p>
        </disp-quote>
      </boxed-text>
      <p>These data collected by the UN were collected in 2020 and
      provided as a .xls format spreadsheet. These data were converted
      to .csv format with Microsoft Excel. The ParkServe® data selected
      for use is the 2020 data set to match the year the UN data was
      recorded. Specifically, this report uses elements of the City Park
      Facts: Acreage &amp; Park System Highlights. The ParkServe® data
      is much less synthesized and was available as a .xml file. The
      file was structured for viewing as a spreadsheet rather than for
      further analysis and included multiple worksheets withing the
      workbook. In converting the file to a .csv file, the data spread
      across multiple worksheets was collated in a single worksheet and
      converted to a summarized dataset .csv file.</p>
      <p>These data are lacking a shared numerical position data type
      but share a city name column formatted as “city_name,
      two_letter_state_abbreviation”. There is not perfect overlap
      between cities with data in each database however, there are 25
      cities shared between the datasets. Cities present in only one
      data set will be culled when the data is joined.</p>
    </sec>
    <sec id="methods-nb-article">
      <title>Methods</title>
      <list list-type="order">
        <list-item>
          <p>Clean the data. The raw data were downloaded as Excel
          spreadsheets, some reformatting in Excel was required to
          effectively exporting as a .csv file and importing the new
          summarized file to RStudio. Remaining data cleaning will occur
          in R as needed including any header changes or additional
          columns needed.</p>
        </list-item>
        <list-item>
          <p>Conduct Exploratory Data Analysis (EDA).</p>
        </list-item>
        <list-item>
          <p>Join datasets by “city name” to have a complete working
          dataset. These data will be combined into a single data frame
          with an inner join because there is a large number of cities
          listed in one data set but not the other. The new dataset will
          include only cities found in both datasets, with columns from
          both.</p>
        </list-item>
      </list>
      <boxed-text>
        <disp-quote>
          <p><bold>Limiting Scope</bold></p>
          <p>The cities found in only one dataset will be cut from the
          data to accommodate the limited scope of the project. With a
          bigger scope it is possible that additional data could be used
          to understand these patterns with more depth.</p>
        </disp-quote>
      </boxed-text>
      <list list-type="order">
        <list-item>
          <label>4.</label>
          <p>Prep data and split it into training and testing datasets.
          Perform a 10-fold cross-validation on training data.</p>
        </list-item>
        <list-item>
          <label>5.</label>
          <p>Create a recipe.</p>
        </list-item>
        <list-item>
          <label>6.</label>
          <p>Set up several models in regression mode.</p>
        </list-item>
        <list-item>
          <label>7.</label>
          <p>Create a workflow set including the previously written
          models and the recipe.</p>
        </list-item>
        <list-item>
          <label>8.</label>
          <p>Map function over workflow using workflow map.</p>
        </list-item>
        <list-item>
          <label>9.</label>
          <p>Using the highest performing model, fit the data and
          augment.</p>
        </list-item>
        <list-item>
          <label>10.</label>
          <p>Plot and graph data to visually display test results.</p>
        </list-item>
        <list-item>
          <label>11.</label>
          <p>Explore using the model to predict values for cities
          included in only one document (if time allows).</p>
        </list-item>
      </list>
    </sec>
  </sec>
  <sec id="exploratory-data-analysis-eda-nb-article">
    <title>Exploratory Data Analysis (EDA)</title>
    <p>The data has already been discussed in general terms in the data
    overview section. There will be a readme file created to elaborate
    on the sources, formatting and manipulation required for each
    dataset before joining them into the urban_parks_data data frame. In
    general terms, prior to importing into RStudio, the .xml files the
    data came in were opened in MS Excel; the sheets were formatted to
    be converted to .csv files including condensing multiple worksheets
    of the ParkServe® data into a sinigle sheet for easier conversion to
    a .csv file. While some of the cleaning done in Excel could have
    been completed in RStudio, it was not efficient to do so. Using
    Excel was faster and more flexible for that use case. Similar
    reformatting was required with the UN data as the headers were
    unreasonably long by default. The readme that will be created for
    each (or both) files will include a more detailed summary of what
    each variable means.</p>
    <sec specific-use="notebook-content">
    <code language="r script">library(tidyverse)</code>
    <boxed-text>
      <preformat>── Attaching core tidyverse packages ──────────────────────── tidyverse 2.0.0 ──
✔ dplyr     1.1.4     ✔ readr     2.1.5
✔ forcats   1.0.0     ✔ stringr   1.5.1
✔ ggplot2   3.5.1     ✔ tibble    3.2.1
✔ lubridate 1.9.4     ✔ tidyr     1.3.1
✔ purrr     1.0.2     
── Conflicts ────────────────────────────────────────── tidyverse_conflicts() ──
✖ dplyr::filter() masks stats::filter()
✖ dplyr::lag()    masks stats::lag()
ℹ Use the conflicted package (&lt;http://conflicted.r-lib.org/&gt;) to force all conflicts to become errors</preformat>
    </boxed-text>
    <code language="r script">library(here)</code>
    <boxed-text>
      <preformat>Warning: package 'here' was built under R version 4.4.3</preformat>
    </boxed-text>
    <boxed-text>
      <preformat>here() starts at C:/Users/Zacha/github/CSU/ESS 330/ess_330_project_proposal</preformat>
    </boxed-text>
    <code language="r script">library(flextable)</code>
    <boxed-text>
      <preformat>
Attaching package: 'flextable'

The following object is masked from 'package:purrr':

    compose</preformat>
    </boxed-text>
    <code language="r script">library(patchwork)</code>
    <boxed-text>
      <preformat>Warning: package 'patchwork' was built under R version 4.4.3</preformat>
    </boxed-text>
    <code language="r script"># Create some visualizations and descriptions of what data you have, where you got it, and how and if you need to clean and manipulate it for your project

# Import data from csvs and clean NAs
parkserve_data &lt;- read_csv(here(&quot;data&quot;, &quot;clean_data/parkserve_summarized_facts_2020.csv&quot;)) %&gt;% 
  drop_na()</code>
    <boxed-text>
      <preformat>Rows: 100 Columns: 15
── Column specification ────────────────────────────────────────────────────────
Delimiter: &quot;,&quot;
chr (10): city_name, city_pop, land_area, revised_area, percent_designed_par...
dbl  (5): parkland_area, designed_park_area, natural_park_area, parkland_per...

ℹ Use `spec()` to retrieve the full column specification for this data.
ℹ Specify the column types or set `show_col_types = FALSE` to quiet this message.</preformat>
    </boxed-text>
    <code language="r script">un_land_use_data &lt;- read_csv(here(&quot;data&quot;, &quot;clean_data/un_land_use.csv&quot;)) %&gt;% 
  drop_na()</code>
    <boxed-text>
      <preformat>Rows: 59 Columns: 3
── Column specification ────────────────────────────────────────────────────────
Delimiter: &quot;,&quot;
chr (1): city_name
dbl (2): mean_percent_built_open_space, mean_percent_open_space_access

ℹ Use `spec()` to retrieve the full column specification for this data.
ℹ Specify the column types or set `show_col_types = FALSE` to quiet this message.</preformat>
    </boxed-text>
    <code language="r script"># Add columns and finish cleaning parkserve data
clean_parkserve_data &lt;- parkserve_data %&gt;%
  mutate(
    across(-city_name, ~ as.numeric(.x)),  # Convert all columns to numeric except for city name
    parkland_percent = parkland_percent * 100, # Convert parkland percent from ratio
    # Fix design/natural park area percentage calculations
    percent_designed_parks = ifelse(parkland_area == 0, NA, (designed_park_area / parkland_area) * 100),
    percent_natural_parks = ifelse(parkland_area == 0, NA, (natural_park_area / parkland_area) * 100),
    #New calculation for designed-natural area ratio
    dn_area_ratio = ifelse(percent_natural_parks == 0, NA, percent_designed_parks / percent_natural_parks)
  )

  
  
# Join data removing cities found in only one of the two datasets
urban_parks_data &lt;- clean_parkserve_data %&gt;% 
  inner_join(un_land_use_data, by = &quot;city_name&quot;)  

# Basic data structure exploration
glimpse(urban_parks_data)</code>
    <boxed-text>
      <preformat>Rows: 25
Columns: 18
$ city_name                      &lt;chr&gt; &quot;Anchorage, AK&quot;, &quot;Atlanta, GA&quot;, &quot;Boston…
$ city_pop                       &lt;dbl&gt; 299100, 498059, 687725, 2744859, 377963…
$ land_area                      &lt;dbl&gt; 1090997, 85217, 30897, 145686, 49726, 2…
$ revised_area                   &lt;dbl&gt; 1086019, 84250, 29175, 136796, 46880, 2…
$ parkland_area                  &lt;dbl&gt; 914138, 5293, 5072, 13609, 3170, 20352,…
$ designed_park_area             &lt;dbl&gt; 2417, 3864, 2556, 8593, 1792, 10974, 40…
$ natural_park_area              &lt;dbl&gt; 911721, 1429, 2516, 4430, 1378, 9378, 1…
$ parkland_percent               &lt;dbl&gt; 84.173297, 6.282493, 17.384747, 9.94839…
$ percent_designed_parks         &lt;dbl&gt; 0.2644021, 73.0020782, 50.3943218, 63.1…
$ percent_natural_parks          &lt;dbl&gt; 99.735598, 26.997922, 49.605678, 32.551…
$ pop_density                    &lt;dbl&gt; 0.28, 5.91, 23.57, 20.07, 8.06, 6.39, 7…
$ parkland_per_1k_pop            &lt;dbl&gt; 3056.295553, 10.627255, 7.375041, 4.744…
$ park_units                     &lt;dbl&gt; 228, 416, 373, 645, 179, 397, 302, 70, …
$ park_units_per_10k_pop         &lt;dbl&gt; 7.622869, 8.352424, 5.423680, 2.349847,…
$ percent_half_mile_walk         &lt;dbl&gt; 0.75091, 0.72447, 0.99790, 0.98220, 0.8…
$ dn_area_ratio                  &lt;dbl&gt; 0.00265103, 2.70398880, 1.01589825, 1.9…
$ mean_percent_built_open_space  &lt;dbl&gt; 22.0, 13.8, 19.8, 17.2, 20.0, 20.4, 20.…
$ mean_percent_open_space_access &lt;dbl&gt; 71.9, 21.2, 68.2, 47.8, 29.8, 41.9, 43.…</preformat>
    </boxed-text>
    <code language="r script"># Descriptive Stats

  # Write function to round numeric columns to two decimal places
  round_numeric &lt;- function(df) {
    df %&gt;% 
      mutate(across(where(is.numeric), ~round(.x, 2)))
  }

  # Summarize stats by variable
    desc_stats_parks &lt;- urban_parks_data %&gt;% 
      select(where(is.numeric)) %&gt;% 
      pivot_longer(cols = everything(), names_to = &quot;variable&quot;, values_to = &quot;value&quot;) %&gt;% 
      group_by(variable) %&gt;% 
      summarize(mean = mean(value, na.rm = TRUE), 
                median = median(value, na.rm = TRUE), 
                sd = sd(value, na.rm = TRUE),
                Q1 = quantile(value, 0.25, na.rm = TRUE),
                Q3 = quantile(value, 0.75, na.rm = TRUE)) %&gt;% 
      round_numeric()
      
      # Print descriptive stats with flextable
      desc_stats_flex &lt;- flextable(desc_stats_parks) %&gt;%
        set_caption(&quot;Summarized Urban Parks Statistics&quot;) %&gt;% 
        set_header_labels(
          variable = &quot;Variable&quot;,
          mean = &quot;Mean&quot;,
          median = &quot;Median&quot;,
          sd = &quot;Standard Deviation&quot;,
          Q1 = &quot;1st Quartile (Q1)&quot;,
          Q3 = &quot;3rd Quartile (Q3)&quot;) %&gt;% 
        autofit()

# Find Top/Bottom cities for percent parkland
  
  # Select relevant columns
    simplified_vars &lt;- c(&quot;city_name&quot;, &quot;city_pop&quot;, &quot;revised_area&quot;, &quot;pop_density&quot;, &quot;parkland_area&quot;, &quot;dn_area_ratio&quot;, &quot;parkland_percent&quot;, &quot;parkland_per_1k_pop&quot;, &quot;percent_half_mile_walk&quot;)
  
  # Filter top/bottom 10 cities
  top10_park_percent &lt;- urban_parks_data %&gt;% 
    arrange(desc(parkland_percent)) %&gt;% 
    slice_head(n = 10) %&gt;% 
    select(all_of(simplified_vars)) %&gt;% 
    round_numeric()
  
  bottom10_park_percent &lt;- urban_parks_data %&gt;% 
    arrange(parkland_percent) %&gt;% 
    slice_head(n = 10) %&gt;% 
    select(all_of(simplified_vars)) %&gt;% 
    round_numeric()
  
  # Create top/bottom 10 flextables w/ function
  # Create function
  make_best_worst_flextbl &lt;-function(df, caption) {
    flextable(df) %&gt;% 
    set_caption(caption) %&gt;%
    set_header_labels(
      city_name = &quot;City Name&quot;,
      city_pop = &quot;City Population&quot;,
      revised_area = &quot;City Land Area (Revised) (Acres)&quot;,
      pop_density = &quot;Population Density (People/Acre)&quot;,
      parkland_area = &quot;City Parkland Area (Acres)&quot;,
      parkland_percent = &quot;Percent Parkland&quot;,
      parkland_per_1k_pop = &quot;Parkland Per (1000) Capita&quot;,
      percent_half_mile_walk = &quot;Percent of Residents within 0.5 Miles of a Park&quot;,
      dn_area_ratio = &quot;Designed-Natural Park Area Ratio (Designed Park (%) / Natural Park (%)&quot;) %&gt;% 
    autofit()
  }
  
  top10_park_percent_flex &lt;- make_best_worst_flextbl(top10_park_percent, &quot;Top 10 Cities for Parkland Percentage&quot;)
  
  bottom10_park_percent_flex &lt;- make_best_worst_flextbl(bottom10_park_percent, &quot;Top 10 Cities for Parkland Percentage&quot;)
  
# Make plots to visualize the data
# Histogram: Land Area
land_area_plot &lt;- ggplot(urban_parks_data, aes(x = as.numeric(land_area))) +
  geom_histogram(bins = 20, fill = &quot;steelblue&quot;, color = &quot;white&quot;) +
  labs(x = &quot;Land Area (Acres)&quot;, y = &quot;Frequency&quot;, title = &quot;Distribution of City Land Areas&quot;) +
  theme_minimal()

# Scatterplot: Land Area vs Parkland Area
land_vs_park_area_plot &lt;- ggplot(urban_parks_data, aes(x = as.numeric(land_area), y = parkland_area)) +
  geom_point(color = &quot;forestgreen&quot;) +
  labs(x = &quot;Land Area (Acres)&quot;, y = &quot;Parkland Area\n(Acres)&quot;, title = &quot;Land Area vs Parkland Area&quot;) +
  scale_x_continuous(labels = scales::label_comma()) +
  scale_y_continuous(labels = scales::label_comma()) +
  theme_minimal()

# Scatterplot: Population Density vs Parkland Percent
density_vs_park_percent_plot &lt;- ggplot(urban_parks_data, aes(x = as.numeric(pop_density), y = parkland_percent)) +
  geom_point(color = &quot;darkorange&quot;) +
  labs(x = &quot;Population Density (People/Acre)&quot;, y = &quot;Percent Parkland&quot;, title = &quot;Population Density vs\nParkland Percent&quot;) +
  scale_x_continuous(labels = scales::label_comma()) +
  scale_y_continuous(labels = scales::label_comma()) +
  theme_minimal()

# Scatterplot: Designed-Natural Park Area Ratio vs Parkland Percent
dn_area_ratio_vs_park_percent_plot &lt;- ggplot(urban_parks_data, aes(x = dn_area_ratio, y = parkland_percent)) +
  geom_point(color = &quot;mediumvioletred&quot;) +
  labs(x = &quot;Designed-Natural Park Area Ratio&quot;, y = &quot;Percent Parkland&quot;, title = &quot;Designed-Natural Park Area\nRatio vs Parkland Percent&quot;) +
  scale_x_continuous(labels = scales::label_comma()) +
  scale_y_continuous(labels = scales::label_comma()) +
  theme_minimal()

# Scatterplot: Percent Designed Parks vs Percent Natural Parks
designed_vs_natural_parks_plot &lt;- ggplot(urban_parks_data, aes(x = percent_designed_parks, y = percent_natural_parks)) +
  geom_point(color = &quot;cadetblue&quot;) +
  labs(x = &quot;Percent Designed Parks&quot;, y = &quot;Percent Natural\nParks&quot;, title = &quot;Percent Designed vs Natural Parks&quot;) +
  theme_minimal()

# Scatterplot: Percent Open Space Access vs Percent Built Open Space
open_space_access_vs_built_plot &lt;- ggplot(urban_parks_data, aes(x = mean_percent_open_space_access, y = mean_percent_built_open_space)) +
  geom_point(color = &quot;seagreen&quot;) +
  labs(x = &quot;Mean % Open Space Access&quot;, y = &quot;Mean % Built\nOpen Space&quot;, title = &quot;Accessibility of Built Open Space&quot;) +
  theme_minimal()

# Combine all plots in one figure using patchwork (optional)
all_eda_plots &lt;- (land_area_plot | land_vs_park_area_plot) / 
  (density_vs_park_percent_plot | dn_area_ratio_vs_park_percent_plot) / 
  (designed_vs_natural_parks_plot| open_space_access_vs_built_plot) +
  plot_layout(guides = &quot;collect&quot;)

# Display data summary and visualization

  # Display flextables
  desc_stats_flex</code>
    <graphic mimetype="image" mime-subtype="png" xlink:href="index_files/figure-jats/Basic%20EDA-1.png" />
    <code language="r script">  top10_park_percent_flex</code>
    <graphic mimetype="image" mime-subtype="png" xlink:href="index_files/figure-jats/Basic%20EDA-2.png" />
    <code language="r script">  bottom10_park_percent_flex </code>
    <graphic mimetype="image" mime-subtype="png" xlink:href="index_files/figure-jats/Basic%20EDA-3.png" />
    <code language="r script">  # Display patchwork plots
  all_eda_plots</code>
    <graphic mimetype="image" mime-subtype="png" xlink:href="index_files/figure-jats/Basic%20EDA-7.png" />
    </sec>
  </sec>
  <sec id="references-nb-article">
    <title>References</title>
    <ref-list>
      <ref id="ref-beall2010urbanization-nb-article">
        <element-citation publication-type="book">
          <person-group person-group-type="author">
            <name><surname>Beall</surname><given-names>Jo</given-names></name>
            <name><surname>Guha-Khasnobis</surname><given-names>Basudeb</given-names></name>
            <name><surname>Kanbur</surname><given-names>Ravi</given-names></name>
          </person-group>
          <source>Urbanization and development: Multidisciplinary perspectives</source>
          <publisher-name>Oxford University Press</publisher-name>
          <year iso-8601-date="2010">2010</year>
        </element-citation>
      </ref>
      <ref id="ref-kohlhase2013new-nb-article">
        <element-citation publication-type="article-journal">
          <person-group person-group-type="author">
            <name><surname>Kohlhase</surname><given-names>Janet E</given-names></name>
          </person-group>
          <article-title>The new urban world 2050: Perspectives, prospects and problems</article-title>
          <source>Regional Science Policy &amp; Practice</source>
          <publisher-name>Elsevier</publisher-name>
          <year iso-8601-date="2013">2013</year>
          <volume>5</volume>
          <issue>2</issue>
          <fpage>153</fpage>
          <lpage>166</lpage>
        </element-citation>
      </ref>
      <ref id="ref-slack2020changing-nb-article">
        <element-citation publication-type="article-journal">
          <person-group person-group-type="author">
            <name><surname>Slack</surname><given-names>Tim</given-names></name>
            <name><surname>Jensen</surname><given-names>Leif</given-names></name>
          </person-group>
          <article-title>The changing demography of rural and small-town america</article-title>
          <source>Population Research and Policy Review</source>
          <publisher-name>Springer</publisher-name>
          <year iso-8601-date="2020">2020</year>
          <volume>39</volume>
          <issue>5</issue>
          <fpage>775</fpage>
          <lpage>783</lpage>
        </element-citation>
      </ref>
      <ref id="ref-ratcliffe_redefining_2022-nb-article">
        <element-citation>
          <person-group person-group-type="author">
            <name><surname>Ratcliffe</surname><given-names>Michael</given-names></name>
          </person-group>
          <article-title>Redefining Urban Areas following the 2020 Census</article-title>
          <source>Census.gov</source>
          <year iso-8601-date="2022-12">2022</year><month>12</month>
          <date-in-citation content-type="access-date"><year iso-8601-date="2025-04-03">2025</year><month>04</month><day>03</day></date-in-citation>
          <uri>https://www.census.gov/newsroom/blogs/random-samplings/2022/12/redefining-urban-areas-following-2020-census.html</uri>
        </element-citation>
      </ref>
      <ref id="ref-may2000habitat-nb-article">
        <element-citation publication-type="article-journal">
          <person-group person-group-type="author">
            <name><surname>May</surname><given-names>Richard</given-names></name>
            <name><surname>Rex</surname><given-names>Kevin</given-names></name>
            <name><surname>Bellini</surname><given-names>Lisa</given-names></name>
            <name><surname>Sadullah</surname><given-names>Sakera</given-names></name>
            <name><surname>Nishi</surname><given-names>Emily</given-names></name>
            <name><surname>James</surname><given-names>Francette</given-names></name>
            <name><surname>Mathangani</surname><given-names>Angela</given-names></name>
          </person-group>
          <article-title>UN habitat indicators database: Evaluation as a source of the status of urban development problems and programs</article-title>
          <source>Cities</source>
          <publisher-name>Elsevier</publisher-name>
          <year iso-8601-date="2000">2000</year>
          <volume>17</volume>
          <issue>3</issue>
          <fpage>237</fpage>
          <lpage>244</lpage>
        </element-citation>
      </ref>
    </ref-list>
  </sec>
</sec>
</body>



<back>
</back>


</sub-article>

</article>